[
    {
        "id": "69313bb1c4eb8",
        "user_id": 1,
        "text": "ini tes ke-10  chat Nah ini bisa dia kalau di lokal ya tapi kalau dihapus gua nggak bisa",
        "timestamp": 1764834225,
        "date": "2025-12-04 14:43:45"
    },
    {
        "id": "69313b9967840",
        "user_id": 1,
        "text": "cek cek cek 1 2 3 4 5",
        "timestamp": 1764834201,
        "date": "2025-12-04 14:43:21"
    },
    {
        "id": "69313b4870352",
        "user_id": 1,
        "text": "cek cek 123  1 2 3 4 5",
        "timestamp": 1764834120,
        "date": "2025-12-04 14:42:00"
    },
    {
        "id": "69312c0834ee1",
        "user_id": 1,
        "text": "cek cek cek 123  cek cek 123  12345  kalau kita kalau kita ngomong mendeteksi ada suara kalau kita diam",
        "timestamp": 1764830216,
        "date": "2025-12-04 13:36:56"
    },
    {
        "id": "6930843265421",
        "user_id": 1,
        "text": "cek cek Harusnya sih muncul ya",
        "timestamp": 1764787250,
        "date": "2025-12-04 01:40:50"
    },
    {
        "id": "693082a186f8d",
        "user_id": 2,
        "text": "cek cek cek 123",
        "timestamp": 1764786849,
        "date": "2025-12-04 01:34:09"
    },
    {
        "id": "693080a483657",
        "user_id": 1,
        "text": "cek cek cek  Anjay keren  keren keren keren keren  juga kamu bisa kayak gitu ya  oke sip  titik  bayangkanku bayangkan dirimu mulai dari rindu biar aku bosan karena kamu  Oh berarti kalau ngomong harus sepotong-sepotong ya kayak gini perasaan di situ ngomong lagi",
        "timestamp": 1764786340,
        "date": "2025-12-03 19:25:40"
    },
    {
        "id": "69307e984ab98",
        "user_id": 1,
        "text": "Ini percobaan pas udah di-update kita lihat apa dia masih bisa atau nggak cek Harusnya sih untuk masih bisa ya tapi ya di kameranya",
        "timestamp": 1764785816,
        "date": "2025-12-03 19:16:56"
    },
    {
        "id": "69307d73139bd",
        "user_id": 1,
        "text": "Ini catatan kedua ini tes lagi  oke mantap  oke mantap PPP",
        "timestamp": 1764785523,
        "date": "2025-12-03 19:12:03"
    },
    {
        "id": "69307d3e5bbf5",
        "user_id": 1,
        "text": "cek cek cek 123 Ini bakal jadi teks  oke mantap ini udah jadi Tag  enter Aku mau dibawa tulisannya  Oke sip titik.",
        "timestamp": 1764785486,
        "date": "2025-12-03 19:11:26"
    }
]